"id";"titel";"zoho_categorie";"nieuwe_categorie";"tags";"signalen";"zoho_status"
"213858000000636009";"Telefonische bestelling";"Bestellen";"Orderverwerking";"";"mogelijk duplicaat";"Published"
"213858000000636114";"Telefonische bestelling";"Bestellen";"Orderverwerking";"";"mogelijk duplicaat";"Published"
"213858000000636156";"Verkeerd besteld, afleveradres, product, aantal, huisnr, etc.";"Bestellen";"Orderverwerking";"magento, pon, dropshipment";"mogelijk duplicaat";"Published"
"213858000001030733";"Retourneren Breda Marzan Warehouse";"Retourneren";"Retour & Klachten";"";"";"Published"
"213858000001030930";"Zending Retour adres niet juist";"Retourneren";"Retour & Klachten";"magento";"";"Published"
"213858000001030978";"Retourneren De Raat Zoetermeer";"Retourneren";"Retour & Klachten";"";"";"Published"
"213858000001040001";"Telefonische bestelling";"Bestellen";"Orderverwerking";"";"mogelijk duplicaat · was draft in Zoho";"Draft"
"213858000001040035";"Verkeerd besteld, afleveradres, product, aantal, huisnr, etc.";"Bestellen";"Orderverwerking";"magento, pon, dropshipment";"mogelijk duplicaat · was draft in Zoho";"Draft"
"213858000001040069";"Kan ik korting krijgen?";"Bestellen";"Verkoop & Productadvies";"";"was draft in Zoho";"Draft"
"213858000001040103";"Wat zijn de verzendkosten?";"Bestellen";"Verzending & Magazijnen";"";"";"Published"
"213858000001040137";"Ik wil een kluis anoniem aankopen, kan dat?";"Bestellen";"Verkoop & Productadvies";"";"was draft in Zoho";"Draft"
"213858000001040171";"Op rekening betalen bedrijven en condities (betaaltermijn)";"Betalen";"Betalen & Administratie";"b2b, kredietcheck";"";"Published"
"213858000001040205";"Betaalopties backend Magento";"Betalen";"Betalen & Administratie";"magento";"";"Published"
"213858000001040239";"Levertijden & levering op specifieke dag";"Bestellen";"Verzending & Magazijnen";"installatie";"";"Published"
"213858000001040273";"Waar blijft mijn bestelling / service?";"Procedures / werkwijzes";"Verzending & Magazijnen";"";"";"Published"
"213858000001040307";"Is zaterdag levering mogelijk?";"Bestellen";"Verzending & Magazijnen";"installatie";"";"Published"
"213858000001040341";"Welke service mag ik verwachten bij aflevering van een kluis?";"Bestellen";"Installatie & Services";"";"";"Published"
"213858000001040375";"Tracking link Transmission";"Verzending";"Verzending & Magazijnen";"magento";"was draft in Zoho";"Draft"
"213858000001040409";"Kluis afhalen";"Bestellen";"Verzending & Magazijnen";"";"";"Published"
"213858000001040443";"Installatie van kluizen, brandkasten";"Bestellen";"Installatie & Services";"installatie";"";"Published"
"213858000001040477";"6% regeling België (kluis aanrekenen met 6% voor particulieren)";"Betalen";"Betalen & Administratie";"belgie";"";"Published"
"213858000001040511";"Retourneren van een bestelling";"Retourneren";"Retour & Klachten";"";"";"Published"
"213858000001040545";"Bestelling wijzigen of annuleren";"Bestellen";"Orderverwerking";"";"";"Published"
"213858000001040579";"Vervangen/retourneren Puck";"Administratie";"Retour & Klachten";"";"";"Published"
"213858000001040613";"Wat is de garantietermijn?";"Bestellen";"Verkoop & Productadvies";"b2b";"";"Published"
"213858000001040647";"Defect aanmelden";"Schade / Defect";"Retour & Klachten";"";"";"Published"
"213858000001040681";"Product beschadigd bij levering";"Schade / Defect";"Retour & Klachten";"";"";"Published"
"213858000001040715";"De onderkant van mijn kluis is beschadigd, is dat normaal?";"Schade / Defect";"Verkoop & Productadvies";"";"";"Published"
"213858000001040749";"Ruilprogramma Puck Keysafe";"Administratie";"Retour & Klachten";"sleutels";"was draft in Zoho";"Draft"
"213858000001040783";"Mijn kluis gaat niet open - klant";"Administratie";"Kluisproblemen";"";"was draft in Zoho";"Draft"
"213858000001040817";"Kluis met elektronisch codeslot gaat niet open - gebruikersfout of batterijprobleem";"Kluis niet open / dicht";"Kluisproblemen";"";"";"Published"
"213858000001040851";"Puck sleutelkluis gaat niet meer open, er zit geen beweging meer in. Wat nu?";"Kluis niet open / dicht";"Kluisproblemen";"sleutels";"";"Published"
"213858000001040885";"Mijn kluis gaat niet open - GEEN klant";"Administratie";"Kluisproblemen";"";"was draft in Zoho";"Draft"
"213858000001040919";"Verdere opvolging After Sales Support, kluis gaat niet open, e.d.";"Administratie";"Kluisproblemen";"";"was draft in Zoho";"Draft"
"213858000001040953";"Sleutels bijbestellen, bijmaken, dupliceren";"Kluis niet open / dicht";"Kluisproblemen";"sleutels";"";"Published"
"213858000001040987";"Procedure koppelen Klant SafetyFirst Brandbeveiliging Pro";"Procedures / werkwijzes";"B2B Accounts";"";"";"Published"
"213858000001041021";"Factuur (opnieuw) doorsturen naar klant per email";"Administratie";"Betalen & Administratie";"magento";"";"Published"
"213858000001041055";"Factuurgegevens aanpassen";"Administratie";"Betalen & Administratie";"";"";"Published"
"213858000001041089";"Verkeerd emailadres opgegeven";"Bestellen";"Orderverwerking";"";"";"Published"
"213858000001041123";"Uitvragen, welke vragen stel ik?";"Advies";"Verkoop & Productadvies";"sleutels";"";"Published"
"213858000001041157";"Smelt het elektronisch codeslot van een (brandwerende) kluis in een brand?";"Advies";"Verkoop & Productadvies";"";"";"Published"
"213858000001041225";"Uitvragen sleutelkast, sleutelkluis, sleutelmanagement";"Advies";"Verkoop & Productadvies";"sleutels";"was draft in Zoho";"Draft"
"213858000001041259";"Inwerkprogramma Nieuwe Medewerker";"Introductie nieuwe agents";"Start hier";"start-hier";"was draft in Zoho";"Draft"
"213858000001041293";"Ticket onderwerpen";"Introductie nieuwe agents";"Start hier";"escalatie-verplicht";"was draft in Zoho";"Draft"
"213858000001041327";"Software en systemen";"Introductie nieuwe agents";"Start hier";"start-hier";"noemt Freshdesk";"Published"
"213858000001041361";"Orderstatussen & labels in Magento — overzicht voor nieuwe medewerkers";"Introductie nieuwe agents";"Orderverwerking";"magento, start-hier";"";"Published"
"213858000001041395";"Zelf doen, zelf ervaren, test product bestellen";"Introductie nieuwe agents";"Start hier";"nederland, start-hier";"";"Published"
"213858000001041429";"Ticket en klant aanmaken in Freshdesk";"Introductie nieuwe agents";"Start hier";"";"noemt Freshdesk · was draft in Zoho";"Draft"
"213858000001041463";"Claim indienen bij e-warehouse";"Introductie nieuwe agents";"Verzending & Magazijnen";"pon";"was draft in Zoho";"Draft"
"213858000001041497";"Screencasts Magento";"Introductie nieuwe agents";"Start hier";"magento, start-hier";"noemt Freshdesk";"Published"
"213858000001041565";"Opvolging openstaande bestellingen";"Procedures / werkwijzes";"Orderverwerking";"pon, dropshipment, installatie";"was draft in Zoho";"Draft"
"213858000001041599";"Opvolging installatie kluizen";"Procedures / werkwijzes";"Installatie & Services";"installatie";"";"Published"
"213858000001041633";"Inboeken verzending Magento (track&trace, POD, e.d.)";"Procedures / werkwijzes";"Verzending & Magazijnen";"magento";"Google Drive-link · was draft in Zoho";"Draft"
"213858000001041667";"Overzicht merken toeleveranciers";"Procedures / werkwijzes";"Toeleveranciers & Partners";"magento";"Google Drive-link · was draft in Zoho";"Draft"
"213858000001041701";"Klant email sturen vanuit bestelling, factuur, verzending of creditfactuur in webshops@marzansecurity.com";"Procedures / werkwijzes";"Orderverwerking";"";"Google Drive-link · was draft in Zoho";"Draft"
"213858000001041735";"Efulfilment / e-warehouse";"Procedures / werkwijzes";"Verzending & Magazijnen";"pon";"was draft in Zoho";"Draft"
"213858000001041769";"Emailen naar klant vanuit Freshdesk";"Procedures / werkwijzes";"Start hier";"";"noemt Freshdesk · Google Drive-link · was draft in Zoho";"Draft"
"213858000001041803";"Opvolging aanvraag afvoer of verhuis kluis";"Procedures / werkwijzes";"Installatie & Services";"";"was draft in Zoho · niet gewijzigd sinds 2023";"Draft"
"213858000001041837";"Afhandelen retour";"Procedures / werkwijzes";"Retour & Klachten";"pon";"";"Published"
"213858000001041905";"Website bewerken";"Procedures / werkwijzes";"Orderverwerking";"";"Google Drive-link · was draft in Zoho · niet gewijzigd sinds 2024";"Draft"
"213858000001041939";"Bestelling / inkooporder invoeren in Magento";"Procedures / werkwijzes";"Orderverwerking";"magento";"Google Drive-link";"Published"
"213858000001042075";"Orderverwerking kluis openen, inkoopdracht verstrekken aan toeleverancier";"Procedures / werkwijzes";"Kluisproblemen";"";"Google Drive-link";"Published"
"213858000001042143";"Werkroutine Customer Service";"Procedures / werkwijzes";"Start hier";"magento, start-hier";"";"Published"
"213858000001042177";"HS code Harmonized Statistical code";"Procedures / werkwijzes";"Betalen & Administratie";"";"";"Published"
"213858000001042211";"Werkinstructie orderproces New York Pizza NIEUWE filialen";"Procedures / werkwijzes";"B2B Accounts";"b2b";"";"Published"
"213858000001042245";"Producten uitfaseren (maar actief houden)";"Procedures / werkwijzes";"Orderverwerking";"uk";"was draft in Zoho · niet gewijzigd sinds 2023";"Draft"
"213858000001042279";"Voorraad Breda toevoegen";"Procedures / werkwijzes";"Verzending & Magazijnen";"";"was draft in Zoho";"Draft"
"213858000001042313";"Order export (indien mail niet in orderbox komt)";"Procedures / werkwijzes";"Orderverwerking";"magento, installatie";"was draft in Zoho · niet gewijzigd sinds 2023";"Draft"
"213858000001042347";"Verzendmethode aanpassen in Magento";"Procedures / werkwijzes";"Verzending & Magazijnen";"magento, installatie";"";"Published"
"213858000001042381";"Formulier problemen oplossen";"Procedures / werkwijzes";"Orderverwerking";"magento";"was draft in Zoho · niet gewijzigd sinds 2023";"Draft"
"213858000001042415";"Klachtprocedure Masterlock";"Procedures / werkwijzes";"Retour & Klachten";"";"was draft in Zoho · niet gewijzigd sinds 2023";"Draft"
"213858000001042483";"Werkinstructie POD inboeken New York Pizza NIEUWE filialen";"Procedures / werkwijzes";"B2B Accounts";"magento, b2b";"mogelijk duplicaat";"Published"
"213858000001042517";"City Clinnics Key Account";"Procedures / werkwijzes";"B2B Accounts";"installatie, b2b";"was draft in Zoho";"Draft"
"213858000001042551";"Klant informeren levertijd (proactief)";"Procedures / werkwijzes";"Verzending & Magazijnen";"";"was draft in Zoho · niet gewijzigd sinds 2023";"Draft"
"213858000001042585";"Brandbeveiliging Pro jaarlijkse licentie factureren";"Procedures / werkwijzes";"Betalen & Administratie";"";"was draft in Zoho · niet gewijzigd sinds 2024";"Draft"
"213858000001042619";"Email account Kniggendorf Portal naar klant";"Procedures / werkwijzes";"Toeleveranciers & Partners";"sleutels";"";"Published"
"213858000001042653";"PON procedures";"Toeleveranciers";"Verzending & Magazijnen";"pon";"mogelijk duplicaat";"Published"
"213858000001042687";"Wat te doen bij aanvraag afvoer of verhuis kluis?";"Diversen";"Installatie & Services";"belgie";"was draft in Zoho · niet gewijzigd sinds 2024";"Draft"
"213858000001042721";"Verkopen via Bol.com";"Procedures / werkwijzes";"Toeleveranciers & Partners";"sleutels, belgie";"";"Published"
"213858000001042823";"BTW verlegd, intercommanautaire levering";"Procedures / werkwijzes";"Betalen & Administratie";"b2b, belgie";"";"Published"
"213858000001042857";"Werkinstructie orderproces Fletcher";"Instructies B2B accounts";"B2B Accounts";"b2b";"mogelijk duplicaat";"Published"
"213858000001042891";"EORI Marzan Security BV: NL857696531";"Procedures / werkwijzes";"Betalen & Administratie";"";"mogelijk duplicaat · nauwelijks inhoud";"Published"
"213858000001042925";"Kniggendorf API";"Procedures / werkwijzes";"Toeleveranciers & Partners";"";"";"Published"
"213858000001042959";"Nieuwe verankeraar VGW";"Procedures / werkwijzes";"Installatie & Services";"installatie";"";"Published"
"213858000001042993";"XL100: EM1520 slot. te vaak foutieve code";"Kluis niet open / dicht";"Kluisproblemen";"";"";"Published"
"213858000001062090";"Wit poeder, brandwerende box";"Schade / Defect";"Verkoop & Productadvies";"";"";"Published"
"213858000001062146";"Kluis openen doorzetten naar S2L";"Kluis niet open / dicht";"Kluisproblemen";"";"";"Published"
"213858000001101663";"Certificaat van kluis voor o.a. verzekering, kopie certificaat";"Administratie";"Verkoop & Productadvies";"";"";"Published"
"213858000001213828";"Werkinstructie POD inboeken New York Pizza NIEUWE filialen";"Instructies B2B accounts";"B2B Accounts";"magento, b2b";"mogelijk duplicaat";"Published"
"213858000001505938";"Procedure masterresetcode Phoenix Titan / SafetyFirst FireDoc";"Kluis niet open / dicht";"Kluisproblemen";"";"";"Published"
"213858000001656271";"Bij ons aangekocht? Navragen order- of factuurnummer";"Procedures / werkwijzes";"Orderverwerking";"";"mogelijk duplicaat";"Published"
"213858000001656323";"MasterLock 5426 instellen";"Kluis niet open / dicht";"Kluisproblemen";"";"";"Published"
"213858000001748336";"LIPS OUDE Black Box OPEN";"Kluis niet open / dicht";"Kluisproblemen";"";"";"Published"
"213858000001748394";"LIPS OUDE Black Box DICHT";"Kluis niet open / dicht";"Kluisproblemen";"";"";"Published"
"213858000001815953";"Nieuwe batterij plaatsen (Duracell)";"Kluis niet open / dicht";"Kluisproblemen";"";"";"Published"
"213858000001922259";"Info oude LIPS kluis, geen toegang archieven";"Administratie";"Kluisproblemen";"";"";"Published"
"213858000002113788";"HS codes, Harmonized Statistical code";"Procedures / werkwijzes";"Betalen & Administratie";"";"";"Published"
"213858000002126749";"Werkinstructie orderproces Fletcher2";"Instructies B2B accounts";"B2B Accounts";"b2b";"mogelijk duplicaat";"Published"
"213858000002273252";"Installatie uitvragen geen gehoor";"Procedures / werkwijzes";"Installatie & Services";"installatie";"";"Published"
"213858000002301001";"Dank voor bestelling + installatie";"Betalen";"Installatie & Services";"installatie";"";"Published"
"213858000002301608";"Installatie aftersales geen gehoor";"Administratie";"Installatie & Services";"installatie";"";"Published"
"213858000002380644";"Bedrijfsgegevens KluisShop.be";"Administratie";"Betalen & Administratie";"belgie";"mogelijk duplicaat";"Published"
"213858000002380698";"Bedrijfsgegevens KluisStore.nl";"Bestellen";"Betalen & Administratie";"";"";"Published"
"213858000002380753";"Bedrijfsgegevens LIPS Brandkasten";"Bestellen";"Betalen & Administratie";"";"";"Published"
"213858000002380804";"Bij ons aangekocht? Navragen order- of factuurnummer";"Kluis niet open / dicht";"Kluisproblemen";"";"mogelijk duplicaat";"Published"
"213858000002380855";"Achterwand verankering niet doorgeboord";"Administratie";"Installatie & Services";"installatie";"";"Published"
"213858000002380907";"Waardeberging op deze kluis? > Nee.";"Administratie";"Verkoop & Productadvies";"";"";"Published"
"213858000002380963";"Trap 1 - rechte trap";"Bestellen";"Installatie & Services";"installatie";"";"Published"
"213858000002383011";"Trap 2 - rechte trap met bordes";"Bestellen";"Installatie & Services";"installatie";"";"Published"
"213858000002383064";"Trap 3 - rechte trap met klein bordes";"Bestellen";"Installatie & Services";"installatie";"";"Published"
"213858000002383115";"Trap 4 - rechte trap met 1 knik";"Bestellen";"Installatie & Services";"installatie";"";"Published"
"213858000002383159";"Trap 5  - rechte trap met 2 bordessen";"Bestellen";"Installatie & Services";"installatie";"";"Published"
"213858000002383210";"Trap 6  - rechte trap met knik bovenaan";"Bestellen";"Installatie & Services";"installatie";"";"Published"
"213858000002383265";"Trap 7 - draaitrap 180 graden";"Bestellen";"Installatie & Services";"installatie";"";"Published"
"213858000002383320";"Trap 8 - wenteltrap";"Bestellen";"Installatie & Services";"installatie";"";"Published"
"213858000002383366";"Orders opnieuw aanbieden PON";"Procedures / werkwijzes";"Verzending & Magazijnen";"magento, pon";"";"Published"
"213858000002503437";"PON procedures";"Administratie";"Verzending & Magazijnen";"pon";"mogelijk duplicaat";"Published"
"213858000002523277";"Zdialer, bellen vanaf je PC / Zoho";"Administratie";"Start hier";"";"nauwelijks inhoud";"Published"
"213858000002741023";"Schadelevering";"Schade / Defect";"Retour & Klachten";"";"";"Published"
"213858000003029643";"Openstaande factuur, verzoek tot betaling";"Procedures / werkwijzes";"Betalen & Administratie";"";"";"Published"
"213858000003243032";"EORI Marzan Security BV: NL857696531";"Administratie";"Betalen & Administratie";"";"mogelijk duplicaat · nauwelijks inhoud";"Published"
"213858000004345137";"E-factureren overheid - Nederland";"Procedures / werkwijzes";"Betalen & Administratie";"nederland";"";"Published"
"213858000005059838";"Track en Trace wordt niet automatisch weergegeven in order";"Administratie";"Verzending & Magazijnen";"magento";"was draft in Zoho";"Draft"
"213858000007540053";"Bedrijfsgegevens Marzan Security NL";"Bestellen";"Betalen & Administratie";"nederland";"";"Published"
"213858000007540075";"Bedrijfsgegevens KluisShop.be";"Bestellen";"Betalen & Administratie";"belgie";"mogelijk duplicaat";"Published"
"213858000007540098";"Bedrijfsgegevens Marzan Security Belgium BV";"Bestellen";"Betalen & Administratie";"belgie";"";"Published"
"213858000007613248";"Uitvragen kluis";"Advies";"Verkoop & Productadvies";"";"";"Published"
"213858000008024789";"Questionaier, opname accukluis voor hotelmanager - Fletcher";"Instructies B2B accounts";"B2B Accounts";"installatie, b2b";"";"Published"
"213858000008120612";"Afhaler Gunnebo invullen";"Bestellen";"Verzending & Magazijnen";"";"";"Published"
"213858000008613124";"Opvolging installatie-orders — stap voor stap";"Introductie nieuwe agents";"Installatie & Services";"installatie, start-hier";"";"Published"
"213858000008614036";"Kredietcheck zakelijke orders — procedure op rekening betalen";"Introductie nieuwe agents";"Betalen & Administratie";"b2b, kredietcheck, escalatie-verplicht, start-hier";"";"Published"
"213858000008627004";"Orderbevestigingen leveranciers — handmatig verwerken";"Introductie nieuwe agents";"Orderverwerking";"dropshipment, start-hier";"";"Published"
"213858000009391205";"Leverancier Autolok – SimplySafes (UK)";"Toeleveranciers";"Toeleveranciers & Partners";"uk";"";"Published"
"213858000009392151";"Leverancier Bishopsgate – SimplySafes (UK)";"Toeleveranciers";"Toeleveranciers & Partners";"uk";"";"Published"
"213858000009393173";"Leverancier BurgWachter – SimplySafes (UK)";"Toeleveranciers";"Toeleveranciers & Partners";"uk";"";"Published"
"213858000009393189";"Leverancier Bulldog – SimplySafes (UK)";"Toeleveranciers";"Toeleveranciers & Partners";"uk";"";"Published"
"213858000009399230";"Leverancier Aldridge – SimplySafes (UK)";"Toeleveranciers";"Toeleveranciers & Partners";"uk";"";"Published"
"213858000009400125";"Leverancier Securikey – SimplySafes (UK)";"Toeleveranciers";"Toeleveranciers & Partners";"uk";"";"Published"
"213858000009404192";"Leverancier Brattonsound – SimplySafes (UK)";"Toeleveranciers";"Toeleveranciers & Partners";"uk";"";"Published"
"213858000009404208";"Leverancier De Raat – SimplySafes (UK)";"Toeleveranciers";"Toeleveranciers & Partners";"uk";"";"Published"
"213858000009405189";"Leverancier Eastern Sporting (Spika) – SimplySafes (UK)";"Toeleveranciers";"Toeleveranciers & Partners";"uk";"";"Published"
"213858000009405205";"Leverancier Insafe – SimplySafes (UK)";"Toeleveranciers";"Toeleveranciers & Partners";"uk";"";"Published"
"213858000009406380";"Leverancier Highland Outdoors (Buffalo River + Boston) – SimplySafes (UK)";"Toeleveranciers";"Toeleveranciers & Partners";"uk";"";"Published"
"213858000009408241";"Leverancier Armorgard – SimplySafes (UK)";"Toeleveranciers";"Toeleveranciers & Partners";"uk";"";"Published"
"213858000009410189";"Leverancier Phoenix – SimplySafes (UK)";"Toeleveranciers";"Toeleveranciers & Partners";"uk";"";"Published"
"213858000009411118";"Leverancier Burton Safes – SimplySafes (UK)";"Toeleveranciers";"Toeleveranciers & Partners";"uk";"";"Published"
"213858000009412215";"Leverancier Keysecure – SimplySafes (UK)";"Toeleveranciers";"Toeleveranciers & Partners";"uk";"";"Published"
"213858000009515101";"Opname (site survey) aanmaken en versturen - installatie voorbereiden | handleiding medewerkers";"Procedures / werkwijzes";"Installatie & Services";"installatie";"";"Published"
"213858000009683083";"Werkbonnen beheren - aanmaken, team toewijzen, vrijgeven en verzenden | handleiding back office";"Procedures / werkwijzes";"Installatie & Services";"installatie";"";"Published"
"213858000009716012";"Managing work orders - create, assign a team, release and send | back office guide";"Procedures / werkwijzes";"Installatie & Services";"installatie";"was unpublished in Zoho";"Unpublished"
"213858000001041531";"Hoe verloopt een bestelling, status Magento";"Procedures / werkwijzes";"Orderverwerking";"magento, pon, nederland";"was draft in Zoho · niet gewijzigd sinds 2020";"Draft"
"213858000001041973";"Opnieuw bestellen voor bestaande klant in Magento";"Procedures / werkwijzes";"Orderverwerking";"magento";"was draft in Zoho · niet gewijzigd sinds 2020";"Draft"
"213858000001042007";"Opvolging klacht / defect / waar blijft mijn bestelling / mijn kluis gaat niet open - klant, e.d.";"Procedures / werkwijzes";"Retour & Klachten";"";"was draft in Zoho · niet gewijzigd sinds 2020";"Draft"
"213858000001042041";"Opvolging sleutels dupliceren";"Procedures / werkwijzes";"Kluisproblemen";"sleutels";"was draft in Zoho · niet gewijzigd sinds 2020";"Draft"
"213858000001042755";"Order flow Magento";"Diversen";"Orderverwerking";"magento";"was draft in Zoho · nauwelijks inhoud · niet gewijzigd sinds 2020";"Draft"
"213858000001042789";"SPAM berichten sluiten / verwijderen";"Diversen";"Start hier";"";"noemt Freshdesk · was draft in Zoho · niet gewijzigd sinds 2020";"Draft"